{
  "id": "3194084",
  "name": "105预科",
  "font_family": "iconfont",
  "css_prefix_text": "icon-",
  "description": "",
  "glyphs": [
    {
      "icon_id": "1306",
      "name": "购物车空",
      "font_class": "gouwuchekong",
      "unicode": "e600",
      "unicode_decimal": 58880
    },
    {
      "icon_id": "278744",
      "name": "下箭头",
      "font_class": "xiajiantou",
      "unicode": "e6cc",
      "unicode_decimal": 59084
    },
    {
      "icon_id": "11372756",
      "name": "爱心",
      "font_class": "aixin",
      "unicode": "e8c3",
      "unicode_decimal": 59587
    }
  ]
}
